<linker>
	<assembly fullname="Unity.RenderPipelines.Universal.Runtime">
		<type fullname="UnityEngine.Rendering.Universal.XRSystemData/ShaderResources" preserve="nothing" serialized="true"/>
		<type fullname="UnityEngine.Rendering.Universal.PostProcessData/ShaderResources" preserve="nothing" serialized="true"/>
		<type fullname="UnityEngine.Rendering.Universal.PostProcessData/TextureResources" preserve="nothing" serialized="true"/>
		<type fullname="UnityEngine.Rendering.Universal.ForwardRendererData/ShaderResources" preserve="nothing" serialized="true"/>
		<type fullname="UnityEngine.Rendering.Universal.StencilStateData" preserve="nothing" serialized="true"/>
		<type fullname="UnityEngine.Rendering.Universal.TonemappingModeParameter" preserve="nothing" serialized="true"/>
	</assembly>
	<assembly fullname="Unity.RenderPipelines.Core.Runtime">
		<type fullname="UnityEngine.Rendering.MinFloatParameter" preserve="nothing" serialized="true"/>
		<type fullname="UnityEngine.Rendering.ClampedFloatParameter" preserve="nothing" serialized="true"/>
		<type fullname="UnityEngine.Rendering.ColorParameter" preserve="nothing" serialized="true"/>
		<type fullname="UnityEngine.Rendering.BoolParameter" preserve="nothing" serialized="true"/>
		<type fullname="UnityEngine.Rendering.ClampedIntParameter" preserve="nothing" serialized="true"/>
		<type fullname="UnityEngine.Rendering.TextureParameter" preserve="nothing" serialized="true"/>
		<type fullname="UnityEngine.Rendering.Vector2Parameter" preserve="nothing" serialized="true"/>
		<type fullname="UnityEngine.Rendering.UI.DebugUIPrefabBundle" preserve="nothing" serialized="true"/>
	</assembly>
	<assembly fullname="UnityEngine.CoreModule">
		<type fullname="UnityEngine.Events.UnityEvent" preserve="nothing" serialized="true"/>
		<type fullname="UnityEngine.Events.PersistentCallGroup" preserve="nothing" serialized="true"/>
		<type fullname="UnityEngine.Events.PersistentListenerMode" preserve="nothing" serialized="true"/>
		<type fullname="UnityEngine.Events.ArgumentCache" preserve="nothing" serialized="true"/>
		<type fullname="UnityEngine.RectOffset" preserve="nothing" serialized="true"/>
	</assembly>
	<assembly fullname="UnityEngine.UI">
		<type fullname="UnityEngine.UI.MaskableGraphic/CullStateChangedEvent" preserve="nothing" serialized="true"/>
		<type fullname="UnityEngine.UI.FontData" preserve="nothing" serialized="true"/>
		<type fullname="UnityEngine.UI.Navigation" preserve="nothing" serialized="true"/>
		<type fullname="UnityEngine.UI.ColorBlock" preserve="nothing" serialized="true"/>
		<type fullname="UnityEngine.UI.SpriteState" preserve="nothing" serialized="true"/>
		<type fullname="UnityEngine.UI.AnimationTriggers" preserve="nothing" serialized="true"/>
		<type fullname="UnityEngine.UI.Button/ButtonClickedEvent" preserve="nothing" serialized="true"/>
		<type fullname="UnityEngine.UI.Toggle/ToggleEvent" preserve="nothing" serialized="true"/>
		<type fullname="UnityEngine.UI.ScrollRect/ScrollRectEvent" preserve="nothing" serialized="true"/>
		<type fullname="UnityEngine.UI.Scrollbar/ScrollEvent" preserve="nothing" serialized="true"/>
	</assembly>
</linker>
